player,url
Darrell Arthur,http://denverpost.sportsdirectinc.com/basketball/nba-players.aspx?page=/data/nba/players/player732657.html
Will Barton,http://denverpost.sportsdirectinc.com/basketball/nba-players.aspx?page=/data/nba/players/player747946.html
Wilson Chandler,http://denverpost.sportsdirectinc.com/basketball/nba-players.aspx?page=/data/nba/players/player725938.html
Kenneth Faried,http://denverpost.sportsdirectinc.com/basketball/nba-players.aspx?page=/data/nba/players/player737530.html
Randy Foye,http://denverpost.sportsdirectinc.com/basketball/nba-players.aspx?page=/data/nba/players/player651567.html
Jamaal Franklin,http://denverpost.sportsdirectinc.com/basketball/nba-players.aspx?page=/data/nba/players/player748988.html
Danilo Gallinari,http://denverpost.sportsdirectinc.com/basketball/nba-players.aspx?page=/data/nba/players/player739854.html
Erick Green,http://denverpost.sportsdirectinc.com/basketball/nba-players.aspx?page=/data/nba/players/player743782.html
Gary Harris,http://denverpost.sportsdirectinc.com/basketball/nba-players.aspx?page=/data/nba/players/player751326.html
J.J. Hickson,http://denverpost.sportsdirectinc.com/basketball/nba-players.aspx?page=/data/nba/players/player736243.html
Nick Johnson,http://denverpost.sportsdirectinc.com/basketball/nba-players.aspx?page=/data/nba/players/player750611.html
Nikola Jokic,http://denverpost.sportsdirectinc.com/basketball/nba-players.aspx?page=/data/nba/players/player761261.html
Joffrey Lauvergne,http://denverpost.sportsdirectinc.com/basketball/nba-players.aspx?page=/data/nba/players/player755630.html
Emmanuel Mudiay,http://denverpost.sportsdirectinc.com/basketball/nba-players.aspx?page=/data/nba/players/player761269.html
Jameer Nelson,http://denverpost.sportsdirectinc.com/basketball/nba-players.aspx?page=/data/nba/players/player671769.html
Jusuf Nurkic,http://denverpost.sportsdirectinc.com/basketball/nba-players.aspx?page=/data/nba/players/player761255.html
Kostas Papanikolaou,http://denverpost.sportsdirectinc.com/basketball/nba-players.aspx?page=/data/nba/players/player751235.html
Boston Celtics,http://denverpost.sportsdirectinc.com/basketball/nba-teams.aspx?page=/data/nba/teams/team404169.html
Brooklyn Nets,http://denverpost.sportsdirectinc.com/basketball/nba-teams.aspx?page=/data/nba/teams/team404117.html
New York Knicks,http://denverpost.sportsdirectinc.com/basketball/nba-teams.aspx?page=/data/nba/teams/team404288.html
Philadelphia 76ers,http://denverpost.sportsdirectinc.com/basketball/nba-teams.aspx?page=/data/nba/teams/team404083.html
Philadelphia Sixers,http://denverpost.sportsdirectinc.com/basketball/nba-teams.aspx?page=/data/nba/teams/team404083.html
Toronto Raptors,http://denverpost.sportsdirectinc.com/basketball/nba-teams.aspx?page=/data/nba/teams/team404330.html
Chicago Bulls,http://denverpost.sportsdirectinc.com/basketball/nba-teams.aspx?page=/data/nba/teams/team404198.html
Cleveland Cavs,http://denverpost.sportsdirectinc.com/basketball/nba-teams.aspx?page=/data/nba/teams/team404213.html
Cleveland Cavaliers,http://denverpost.sportsdirectinc.com/basketball/nba-teams.aspx?page=/data/nba/teams/team404213.html
Detroit Pistons,http://denverpost.sportsdirectinc.com/basketball/nba-teams.aspx?page=/data/nba/teams/team404153.html
Indiana Pacers,http://denverpost.sportsdirectinc.com/basketball/nba-teams.aspx?page=/data/nba/teams/team404155.html
Milwaukee Bucks,http://denverpost.sportsdirectinc.com/basketball/nba-teams.aspx?page=/data/nba/teams/team404011.html
Atlanta Hawks,http://denverpost.sportsdirectinc.com/basketball/nba-teams.aspx?page=/data/nba/teams/team404085.html
Charlotte Hornets,http://denverpost.sportsdirectinc.com/basketball/nba-teams.aspx?page=/data/nba/teams/team664421.html
Miami Heat,http://denverpost.sportsdirectinc.com/basketball/nba-teams.aspx?page=/data/nba/teams/team404171.html
Orlando Magic,http://denverpost.sportsdirectinc.com/basketball/nba-teams.aspx?page=/data/nba/teams/team404013.html
Washington Wizards,http://denverpost.sportsdirectinc.com/basketball/nba-teams.aspx?page=/data/nba/teams/team404067.html
Denver Nuggets,http://denverpost.sportsdirectinc.com/basketball/nba-teams.aspx?page=/data/nba/teams/team404065.html
Minnesota Timberwolves,http://denverpost.sportsdirectinc.com/basketball/nba-teams.aspx?page=/data/nba/teams/team403995.html
Oklahoma City Thunder,http://denverpost.sportsdirectinc.com/basketball/nba-teams.aspx?page=/data/nba/teams/team404316.html
Portland Trailblazers,http://denverpost.sportsdirectinc.com/basketball/nba-teams.aspx?page=/data/nba/teams/team403993.html
Portland Blazers,http://denverpost.sportsdirectinc.com/basketball/nba-teams.aspx?page=/data/nba/teams/team403993.html
Utah Jazz,http://denverpost.sportsdirectinc.com/basketball/nba-teams.aspx?page=/data/nba/teams/team404031.html
Golden State Warriors,http://denverpost.sportsdirectinc.com/basketball/nba-teams.aspx?page=/data/nba/teams/team404119.html
L.A. Clippers ,http://denverpost.sportsdirectinc.com/basketball/nba-teams.aspx?page=/data/nba/teams/team404135.html
Los Angeles Clippers,http://denverpost.sportsdirectinc.com/basketball/nba-teams.aspx?page=/data/nba/teams/team404135.html
L.A. Lakers ,http://denverpost.sportsdirectinc.com/basketball/nba-teams.aspx?page=/data/nba/teams/team403977.html
Los Angeles Lakers,http://denverpost.sportsdirectinc.com/basketball/nba-teams.aspx?page=/data/nba/teams/team403977.html
Phoenix Suns,http://denverpost.sportsdirectinc.com/basketball/nba-teams.aspx?page=/data/nba/teams/team404029.html
Sacramento Kings,http://denverpost.sportsdirectinc.com/basketball/nba-teams.aspx?page=/data/nba/teams/team403975.html
Dallas Mavericks,http://denverpost.sportsdirectinc.com/basketball/nba-teams.aspx?page=/data/nba/teams/team404047.html
Houston Rockets,http://denverpost.sportsdirectinc.com/basketball/nba-teams.aspx?page=/data/nba/teams/team404137.html
Memphis Grizzlies,http://denverpost.sportsdirectinc.com/basketball/nba-teams.aspx?page=/data/nba/teams/team404049.html
New Orleans Pelicans,http://denverpost.sportsdirectinc.com/basketball/nba-teams.aspx?page=/data/nba/teams/team404101.html
San Antonio Spurs,http://denverpost.sportsdirectinc.com/basketball/nba-teams.aspx?page=/data/nba/teams/team404302.html